{
  "experiment": "ood_prompt",
  "rf_f1": 0.1006,
  "lr_f1": 0.3258,
  "agent_recall": 0.1778,
  "rf_report": {
    "bot": {
      "precision": 0.0,
      "recall": 0.0,
      "f1-score": 0.0,
      "support": 0.0
    },
    "human": {
      "precision": 0.0,
      "recall": 0.0,
      "f1-score": 0.0,
      "support": 0.0
    },
    "llm_agent": {
      "precision": 1.0,
      "recall": 0.17777777777777778,
      "f1-score": 0.3018867924528302,
      "support": 45.0
    },
    "accuracy": 0.17777777777777778,
    "macro avg": {
      "precision": 0.3333333333333333,
      "recall": 0.05925925925925926,
      "f1-score": 0.10062893081761005,
      "support": 45.0
    },
    "weighted avg": {
      "precision": 1.0,
      "recall": 0.17777777777777778,
      "f1-score": 0.3018867924528302,
      "support": 45.0
    }
  },
  "lr_report": {
    "bot": {
      "precision": 0.0,
      "recall": 0.0,
      "f1-score": 0.0,
      "support": 0.0
    },
    "human": {
      "precision": 0.0,
      "recall": 0.0,
      "f1-score": 0.0,
      "support": 0.0
    },
    "llm_agent": {
      "precision": 1.0,
      "recall": 0.9555555555555556,
      "f1-score": 0.9772727272727273,
      "support": 45.0
    },
    "accuracy": 0.9555555555555556,
    "macro avg": {
      "precision": 0.3333333333333333,
      "recall": 0.31851851851851853,
      "f1-score": 0.32575757575757575,
      "support": 45.0
    },
    "weighted avg": {
      "precision": 1.0,
      "recall": 0.9555555555555556,
      "f1-score": 0.9772727272727273,
      "support": 45.0
    }
  },
  "class_names": [
    "bot",
    "human",
    "llm_agent"
  ],
  "n_sessions": 45
}